-- *****************************************************************************
-- This script contains INSERT statements for populating tables with seed data
-- *****************************************************************************

BEGIN;
INSERT INTO whitelist (email, role) VALUES ('MANAGER@GMAIL.COM','manager');
INSERT INTO app_user (email, password, salt, first_name, last_name) VALUES ('MANAGER@GMAIL.COM', 'lApBpVSalBGV2Gz3UCRI5w==', 'm90wwhGqndzrDgOS8pLJx4VbuDW9LA/sOUVpQUSS5qTrva5+yRhjHRqpHLDkV63g2H6L8G6YjrXDn2Hk6tFH9uK7edqtmNDzVPDAgbr1lfj6ywLOggRalFLRQQQEQWDzvxcm3YgA93QFOXqVQENDlg09qTttc/ck3JG55o3AUoE=', 'Heather', 'Rusnica');
INSERT INTO manager (email) VALUES ('MANAGER@GMAIL.COM');

INSERT INTO whitelist (email, role) VALUES ('NEW@AOL.COM','instructor');

INSERT INTO whitelist (email, role) VALUES ('THIS@IS.FAKE', 'instructor');
INSERT INTO whitelist (email, role) VALUES ('INSTRUCTOR@GMAIL.COM', 'instructor');

INSERT INTO app_user (email, password, salt, first_name, last_name) VALUES ('THIS@IS.FAKE', 'srpLuPFkn6XxLUifEkKjlw==', 'Mknsxz+Y7z+mClGqZfFR+PQGf+iWnhITJwrpI0ln6qgXlmUkulMy7+vqbvpiaruAMnuJHSUf3Y5It9eNK/4DJOQrovgCxoWx0xrFJ7e/u8InRl/goQ3z7Xu8mao1A0iExB54H0pj5xpJPyDUpUBzCcLXfhDL9jMrhnFGUhqDuKM=', 'Amy', 'Smith');
INSERT INTO app_user (email, password, salt, first_name, last_name) VALUES ('INSTRUCTOR@GMAIL.COM', '2F1ty+uLl4R3YVfjMA6GFg==', 'lXl93/+0u9A9rXuy4/Sz1ae7FgbxGP1d1xUG3TUVSXQZ8a8VF3j/2mMS7aVPkuIW001PJ1gGqFF6K5j88gqovqXYCp/zUNaCh+PLNyVrBu3UIPpbWk9nTVK+riCulMmXKxqxDPH1HQ+yemgcfY+4FmJxgdNmW/bA0/vELEZ6Nz8=', 'Ben', 'Diver');

INSERT INTO instructor (email, manager_id) VALUES ('THIS@IS.FAKE', 1);
INSERT INTO instructor (email, manager_id) VALUES ('INSTRUCTOR@GMAIL.COM', 1);

INSERT INTO skill (skill_name, skill_description) VALUES ('Blow bubbles', 'on surface, assisted');
INSERT INTO skill (skill_name, skill_description) VALUES ('Front tow', 'chin in water, assisted');
INSERT INTO skill (skill_name, skill_description) VALUES ('Water exit', 'parent and child together');
INSERT INTO skill (skill_name, skill_description) VALUES ('Water entry', 'parent and child together');
INSERT INTO skill (skill_name, skill_description) VALUES ('Back float', 'assisted, head on shoulder');
INSERT INTO skill (skill_name, skill_description) VALUES ('Roll', 'assisted');
INSERT INTO skill (skill_name, skill_description) VALUES ('Front float', 'chin in water, assisted');
INSERT INTO skill (skill_name, skill_description) VALUES ('Back tow', 'assisted, head on shoulder');
INSERT INTO skill (skill_name, skill_description) VALUES ('Wall grab', 'assisted');
INSERT INTO skill (skill_name, skill_description) VALUES ('Blow bubbles', 'mouth & nose submerged, assisted');
INSERT INTO skill (skill_name, skill_description) VALUES ('Front tow', 'blow bubbles, assisted');
INSERT INTO skill (skill_name, skill_description) VALUES ('Water exit', 'assisted');
INSERT INTO skill (skill_name, skill_description) VALUES ('Water entry', 'assisted');
INSERT INTO skill (skill_name, skill_description) VALUES ('Back float', 'assisted, head on chest');
INSERT INTO skill (skill_name, skill_description) VALUES ('Front float', 'blow bubbles, assisted');
INSERT INTO skill (skill_name, skill_description) VALUES ('Back tow', 'assisted, head on chest');
INSERT INTO skill (skill_name, skill_description) VALUES ('Monkey crawl', 'assisted, on edge, 5ft');
INSERT INTO skill (skill_name, skill_description) VALUES ('Submerge', 'bob independently');
INSERT INTO skill (skill_name, skill_description) VALUES ('Front glide', 'assisted, to wall, 5ft');
INSERT INTO skill (skill_name, skill_description) VALUES ('Water exit', 'independently');
INSERT INTO skill (skill_name, skill_description) VALUES ('Jump, push, turn, grab', 'assisted');
INSERT INTO skill (skill_name, skill_description) VALUES ('Back float', 'assisted, 10 secs, recover independently');
INSERT INTO skill (skill_name, skill_description) VALUES ('Front float', 'assisted, 10 secs, recover independently');
INSERT INTO skill (skill_name, skill_description) VALUES ('Back glide', 'assistd at wall, 5ft');
INSERT INTO skill (skill_name, skill_description) VALUES ('Swim, float, swim', 'assisted, 10ft');
INSERT INTO skill (skill_name, skill_description) VALUES ('Submerge', 'look at object on bottom');
INSERT INTO skill (skill_name, skill_description) VALUES ('Front glide', '10ft');
INSERT INTO skill (skill_name, skill_description) VALUES ('Front glide', '5ft');
INSERT INTO skill (skill_name) VALUES ('Jump, push, turn, grab');
INSERT INTO skill (skill_name, skill_description) VALUES ('Back float', '20 secs');
INSERT INTO skill (skill_name, skill_description) VALUES ('Back float', '10 secs');
INSERT INTO skill (skill_name) VALUES ('Roll');
INSERT INTO skill (skill_name, skill_description) VALUES ('Front float', '20 secs');
INSERT INTO skill (skill_name, skill_description) VALUES ('Front float', '10 secs');
INSERT INTO skill (skill_name, skill_description) VALUES ('Back glide', '10ft');
INSERT INTO skill (skill_name, skill_description) VALUES ('Back glide', '5 ft');
INSERT INTO skill (skill_name, skill_description) VALUES ('Tread water', '10 secs, near wall & exit');
INSERT INTO skill (skill_name, skill_description) VALUES ('Swim, float, swim', '5yd');
INSERT INTO skill (skill_name, skill_description) VALUES ('Submerge', 'retrieve object in chest-deep water');
INSERT INTO skill (skill_name, skill_description) VALUES ('Swim on front', '15yd');
INSERT INTO skill (skill_name, skill_description) VALUES ('Swim on front', '10yd');
INSERT INTO skill (skill_name, skill_description) VALUES ('Water exit', 'independently');
INSERT INTO skill (skill_name, skill_description) VALUES ('Jump, swim, turn, swim, grab', '10yd');
INSERT INTO skill (skill_name, skill_description) VALUES ('Swim on back', '10yd');
INSERT INTO skill (skill_name, skill_description) VALUES ('Swim on back', '15yd');
INSERT INTO skill (skill_name, skill_description) VALUES ('Tread water', '1 min & exit');
INSERT INTO skill (skill_name, skill_description) VALUES ('Tread water', '30 secs & exit');
INSERT INTO skill (skill_name, skill_description) VALUES ('Swim, float, swim', '25yd');
INSERT INTO skill (skill_name, skill_description) VALUES ('Swim, float, swim', '15yd');
INSERT INTO skill (skill_name, skill_description) VALUES ('Endurance', 'any stroke or combination of strokes, 25yd');
INSERT INTO skill (skill_name, skill_description) VALUES ('Front crawl', 'rotary breathing, 15yd');
INSERT INTO skill (skill_name, skill_description) VALUES ('Back crawl', '15yd');
INSERT INTO skill (skill_name, skill_description) VALUES ('Dive', 'sitting');
INSERT INTO skill (skill_name, skill_description) VALUES ('Resting stroke', 'elementary backstroke, 15yd');
INSERT INTO skill (skill_name, skill_description) VALUES ('Tread water', 'scissor & whip kick, 1 min');
INSERT INTO skill (skill_name, skill_description) VALUES ('Breaststroke', 'kick, 15yd');
INSERT INTO skill (skill_name, skill_description) VALUES ('Butterfly', 'kick, 15yd');
INSERT INTO skill (skill_name, skill_description) VALUES ('Endurance', 'any stroke or combination of strokes, 50yd');
INSERT INTO skill (skill_name, skill_description) VALUES ('Front crawl', 'bent-arm recovery, 25yd');
INSERT INTO skill (skill_name, skill_description) VALUES ('Back crawl', 'pull, 25yd');
INSERT INTO skill (skill_name, skill_description) VALUES ('Dive', 'kneeling');
INSERT INTO skill (skill_name, skill_description) VALUES ('Restsing stroke', 'sidestroke, 25yd');
INSERT INTO skill (skill_name, skill_description) VALUES ('Tread water', 'scissor & whip kick, 2 min');
INSERT INTO skill (skill_name, skill_description) VALUES ('Breaststroke', '25 yd');
INSERT INTO skill (skill_name, skill_description) VALUES ('Butterfly', 'simultaneous arm action & kick, 15 yd');
INSERT INTO skill (skill_name, skill_description) VALUES ('Endurance', 'any stroke or combination of strokes, 150 yd');
INSERT INTO skill (skill_name, skill_description) VALUES ('Front crawl', 'flip turn 50 yd');
INSERT INTO skill (skill_name, skill_description) VALUES ('Back crawl', 'pull & flip turn, 50 yd');
INSERT INTO skill (skill_name, skill_description) VALUES ('Dive', 'standing');
INSERT INTO skill (skill_name, skill_description) VALUES ('Resting stroke', 'elementary backstroke or sidestroke, 50 yd');
INSERT INTO skill (skill_name, skill_description) VALUES ('Tread water', 'retrieve object off bottom, tread 1 min');
INSERT INTO skill (skill_name, skill_description) VALUES ('Breaststroke', 'open turn, 50 yd');
INSERT INTO skill (skill_name, skill_description) VALUES ('Butterfly', '25 yd');


INSERT INTO level (level_name, age_group) VALUES ('Water Discovery', 'Parent & Child');
INSERT INTO level (level_name, age_group) VALUES ('Water Acclimation', 'Preschool');
INSERT INTO level (level_name, age_group) VALUES ('Water Acclimation', 'School Age');
INSERT INTO level (level_name, age_group) VALUES ('Water Exploration', 'Parent & Child');
INSERT INTO level (level_name, age_group) VALUES ('Water Movement', 'Preschool');
INSERT INTO level (level_name, age_group) VALUES ('Water Movement', 'School Age');
INSERT INTO level (level_name, age_group) VALUES ('Water Stamina', 'Preschool');
INSERT INTO level (level_name, age_group) VALUES ('Water Stamina', 'School Age');
INSERT INTO level (level_name, age_group) VALUES ('Stroke Introduction', 'Preschool');
INSERT INTO level (level_name, age_group) VALUES ('Stroke Introduction', 'School Age');
INSERT INTO level (level_name, age_group) VALUES ('Stroke Development', 'School Age');
INSERT INTO level (level_name, age_group) VALUES ('Stroke Mechanics', 'School Age');


INSERT INTO skill_level(skill_id, level_id) VALUES (1, 1);
INSERT INTO skill_level(skill_id, level_id) VALUES (2, 1);
INSERT INTO skill_level(skill_id, level_id) VALUES (3, 1);
INSERT INTO skill_level(skill_id, level_id) VALUES (4, 1);
INSERT INTO skill_level(skill_id, level_id) VALUES (5, 1);
INSERT INTO skill_level(skill_id, level_id) VALUES (6, 1);
INSERT INTO skill_level(skill_id, level_id) VALUES (7, 1);
INSERT INTO skill_level(skill_id, level_id) VALUES (8, 1);
INSERT INTO skill_level(skill_id, level_id) VALUES (9, 1);
INSERT INTO skill_level(skill_id, level_id) VALUES (10, 4);
INSERT INTO skill_level(skill_id, level_id) VALUES (11, 4);
INSERT INTO skill_level(skill_id, level_id) VALUES (12, 4);
INSERT INTO skill_level(skill_id, level_id) VALUES (13, 4);
INSERT INTO skill_level(skill_id, level_id) VALUES (14, 4);
INSERT INTO skill_level(skill_id, level_id) VALUES (6, 4);
INSERT INTO skill_level(skill_id, level_id) VALUES (15, 4);
INSERT INTO skill_level(skill_id, level_id) VALUES (16, 4);
INSERT INTO skill_level(skill_id, level_id) VALUES (17, 4);
INSERT INTO skill_level(skill_id, level_id) VALUES (18, 2);
INSERT INTO skill_level(skill_id, level_id) VALUES (19, 2);
INSERT INTO skill_level(skill_id, level_id) VALUES (20, 2);
INSERT INTO skill_level(skill_id, level_id) VALUES (21, 2);
INSERT INTO skill_level(skill_id, level_id) VALUES (22, 2);
INSERT INTO skill_level(skill_id, level_id) VALUES (6, 2);
INSERT INTO skill_level(skill_id, level_id) VALUES (23, 2);
INSERT INTO skill_level(skill_id, level_id) VALUES (24, 2);
INSERT INTO skill_level(skill_id, level_id) VALUES (25, 2);
INSERT INTO skill_level(skill_id, level_id) VALUES (26, 3);
INSERT INTO skill_level(skill_id, level_id) VALUES (27, 3);
INSERT INTO skill_level(skill_id, level_id) VALUES (29, 3);
INSERT INTO skill_level(skill_id, level_id) VALUES (30, 3);
INSERT INTO skill_level(skill_id, level_id) VALUES (32, 3);
INSERT INTO skill_level(skill_id, level_id) VALUES (33, 3);
INSERT INTO skill_level(skill_id, level_id) VALUES (35, 3);
INSERT INTO skill_level(skill_id, level_id) VALUES (38, 3);
INSERT INTO skill_level(skill_id, level_id) VALUES (26, 5);
INSERT INTO skill_level(skill_id, level_id) VALUES (28, 5);
INSERT INTO skill_level(skill_id, level_id) VALUES (20, 5);
INSERT INTO skill_level(skill_id, level_id) VALUES (29, 5);
INSERT INTO skill_level(skill_id, level_id) VALUES (31, 5);
INSERT INTO skill_level(skill_id, level_id) VALUES (32, 5);
INSERT INTO skill_level(skill_id, level_id) VALUES (27, 5);
INSERT INTO skill_level(skill_id, level_id) VALUES (34, 5);
INSERT INTO skill_level(skill_id, level_id) VALUES (36, 5);
INSERT INTO skill_level(skill_id, level_id) VALUES (37, 5);
INSERT INTO skill_level(skill_id, level_id) VALUES (38, 5);
INSERT INTO skill_level(skill_id, level_id) VALUES (26, 6);
INSERT INTO skill_level(skill_id, level_id) VALUES (27, 6);
INSERT INTO skill_level(skill_id, level_id) VALUES (20, 6);
INSERT INTO skill_level(skill_id, level_id) VALUES (29, 6);
INSERT INTO skill_level(skill_id, level_id) VALUES (30, 6);
INSERT INTO skill_level(skill_id, level_id) VALUES (32, 6);
INSERT INTO skill_level(skill_id, level_id) VALUES (33, 6);
INSERT INTO skill_level(skill_id, level_id) VALUES (35, 6);
INSERT INTO skill_level(skill_id, level_id) VALUES (37, 6);
INSERT INTO skill_level(skill_id, level_id) VALUES (38, 6);
INSERT INTO skill_level(skill_id, level_id) VALUES (39, 7);
INSERT INTO skill_level(skill_id, level_id) VALUES (41, 7);
INSERT INTO skill_level(skill_id, level_id) VALUES (42, 7);
INSERT INTO skill_level(skill_id, level_id) VALUES (43, 7);
INSERT INTO skill_level(skill_id, level_id) VALUES (44, 7);
INSERT INTO skill_level(skill_id, level_id) VALUES (32, 7);
INSERT INTO skill_level(skill_id, level_id) VALUES (47, 7);
INSERT INTO skill_level(skill_id, level_id) VALUES (49, 7);
INSERT INTO skill_level(skill_id, level_id) VALUES (39, 8);
INSERT INTO skill_level(skill_id, level_id) VALUES (40, 8);
INSERT INTO skill_level(skill_id, level_id) VALUES (42, 8);
INSERT INTO skill_level(skill_id, level_id) VALUES (43, 8);
INSERT INTO skill_level(skill_id, level_id) VALUES (45, 8);
INSERT INTO skill_level(skill_id, level_id) VALUES (32, 8);
INSERT INTO skill_level(skill_id, level_id) VALUES (47, 8);
INSERT INTO skill_level(skill_id, level_id) VALUES (48, 8);
INSERT INTO skill_level(skill_id, level_id) VALUES (50, 9);
INSERT INTO skill_level(skill_id, level_id) VALUES (51, 9);
INSERT INTO skill_level(skill_id, level_id) VALUES (52, 9);
INSERT INTO skill_level(skill_id, level_id) VALUES (53, 9);
INSERT INTO skill_level(skill_id, level_id) VALUES (54, 9);
INSERT INTO skill_level(skill_id, level_id) VALUES (55, 9);
INSERT INTO skill_level(skill_id, level_id) VALUES (56, 9);
INSERT INTO skill_level(skill_id, level_id) VALUES (57, 9);
INSERT INTO skill_level(skill_id, level_id) VALUES (50, 10);
INSERT INTO skill_level(skill_id, level_id) VALUES (51, 10);
INSERT INTO skill_level(skill_id, level_id) VALUES (52, 10);
INSERT INTO skill_level(skill_id, level_id) VALUES (53, 10);
INSERT INTO skill_level(skill_id, level_id) VALUES (54, 10);
INSERT INTO skill_level(skill_id, level_id) VALUES (55, 10);
INSERT INTO skill_level(skill_id, level_id) VALUES (56, 10);
INSERT INTO skill_level(skill_id, level_id) VALUES (57, 10);
INSERT INTO skill_level(skill_id, level_id) VALUES (58, 11);
INSERT INTO skill_level(skill_id, level_id) VALUES (59, 11);
INSERT INTO skill_level(skill_id, level_id) VALUES (60, 11);
INSERT INTO skill_level(skill_id, level_id) VALUES (61, 11);
INSERT INTO skill_level(skill_id, level_id) VALUES (62, 11);
INSERT INTO skill_level(skill_id, level_id) VALUES (63, 11);
INSERT INTO skill_level(skill_id, level_id) VALUES (64, 11);
INSERT INTO skill_level(skill_id, level_id) VALUES (65, 11);
INSERT INTO skill_level(skill_id, level_id) VALUES (66, 12);
INSERT INTO skill_level(skill_id, level_id) VALUES (67, 12);
INSERT INTO skill_level(skill_id, level_id) VALUES (68, 12);
INSERT INTO skill_level(skill_id, level_id) VALUES (69, 12);
INSERT INTO skill_level(skill_id, level_id) VALUES (70, 12);
INSERT INTO skill_level(skill_id, level_id) VALUES (71, 12);
INSERT INTO skill_level(skill_id, level_id) VALUES (72, 12);
INSERT INTO skill_level(skill_id, level_id) VALUES (73, 12);


INSERT INTO class_time(hour, day_of_week, start_date, end_date) VALUES ('18:00', 'Monday', '11-11-17', '12-11-17');
INSERT INTO class_time(hour, day_of_week, start_date, end_date) VALUES ('17:00', 'Tuesday', '11-21-17', '12-15-17');
INSERT INTO class_time(hour, day_of_week, start_date, end_date) VALUES ('9:00', 'Wednesday', '11-22-17', '12-16-17');
INSERT INTO class_time(hour, day_of_week, start_date, end_date) VALUES ('9:30', 'Wednesday', '11-22-17', '12-16-17');
INSERT INTO class_time(hour, day_of_week, start_date, end_date) VALUES ('10:00', 'Wednesday', '11-22-17', '12-16-17');
INSERT INTO class_time(hour, day_of_week, start_date, end_date) VALUES ('9:00', 'Thursday', '11-23-17', '12-17-17');

INSERT INTO class(level_id, instructor_id, class_time_id) VALUES (1, 2, 1);
INSERT INTO class(level_id, instructor_id, class_time_id) VALUES (2, 2, 2);
INSERT INTO class(level_id, instructor_id, class_time_id) VALUES (3, 1, 3);
INSERT INTO class(level_id, instructor_id, class_time_id) VALUES (4, 1, 4);
INSERT INTO class(level_id, instructor_id, class_time_id) VALUES (5, 1, 5);
INSERT INTO class(level_id, instructor_id, class_time_id) VALUES (6, 2, 6);

INSERT INTO student(birthDay, first_name, last_name, gender) VALUES ('1-1-11', 'Joey', 'Smith', 'male');
INSERT INTO student(birthDay, first_name, last_name, gender) VALUES ('2-2-12', 'John', 'Jones', 'male');
INSERT INTO student(birthDay, first_name, last_name, gender) VALUES ('3-3-13', 'Bob', 'Brown', 'male');
INSERT INTO student(birthDay, first_name, last_name, gender) VALUES ('4-4-14', 'Candy', 'Cooper', 'female');
INSERT INTO student(birthDay, first_name, last_name, gender) VALUES ('5-5-15', 'Jen', 'Jefferson', 'female');
INSERT INTO student(birthDay, first_name, last_name, gender) VALUES ('6-6-16', 'Roy', 'Rogers', 'male');
INSERT INTO student(birthDay, first_name, last_name, gender) VALUES ('7-7-07', 'Phil', 'Peters', 'male');
INSERT INTO student(birthDay, first_name, last_name, gender) VALUES ('8-8-08', 'Lisa', 'Luther', 'female');
INSERT INTO student(birthDay, first_name, last_name, gender) VALUES ('9-9-09', 'Cindy', 'Croft', 'female');
INSERT INTO student(birthDay, first_name, last_name, gender) VALUES ('6-6-06', 'Frank', 'Furter', 'male');
INSERT INTO student(birthDay, first_name, last_name, gender) VALUES ('5-5-05', 'Sarah', 'Connor', 'female');
INSERT INTO student(birthDay, first_name, last_name, gender) VALUES ('4-4-04', 'Suzy', 'Smith', 'female');

INSERT INTO class_student(student_id, class_id) VALUES (6, 1);
INSERT INTO class_student(student_id, class_id) VALUES (5, 1);
INSERT INTO class_student(student_id, class_id) VALUES (4, 1);
INSERT INTO class_student(student_id, class_id) VALUES (6, 2);
INSERT INTO class_student(student_id, class_id) VALUES (2, 3);
INSERT INTO class_student(student_id, class_id) VALUES (3, 3);
INSERT INTO class_student(student_id, class_id) VALUES (7, 4);
INSERT INTO class_student(student_id, class_id) VALUES (8, 4);
INSERT INTO class_student(student_id, class_id) VALUES (9, 5);

INSERT INTO skill_student (skill_id, student_id) VALUES (1,2);
INSERT INTO skill_student (skill_id, student_id) VALUES (2,2);
INSERT INTO skill_student (skill_id, student_id) VALUES (3,2);
INSERT INTO skill_student (skill_id, student_id) VALUES (4,2);
INSERT INTO skill_student (skill_id, student_id) VALUES (1,1);
INSERT INTO skill_student (skill_id, student_id) VALUES (2,1);
INSERT INTO skill_student (skill_id, student_id) VALUES (3,1);
INSERT INTO skill_student (skill_id, student_id) VALUES (4,1);
INSERT INTO skill_student (skill_id, student_id) VALUES (1,3);
INSERT INTO skill_student (skill_id, student_id) VALUES (2,3);
INSERT INTO skill_student (skill_id, student_id) VALUES (3,3);
INSERT INTO skill_student (skill_id, student_id) VALUES (4,3);
INSERT INTO skill_student (skill_id, student_id) VALUES (1,4);
INSERT INTO skill_student (skill_id, student_id) VALUES (2,4);
INSERT INTO skill_student (skill_id, student_id) VALUES (3,4);
INSERT INTO skill_student (skill_id, student_id) VALUES (4,4);

COMMIT;